"pair","seed","firstPlayer","mode","opponent","difficulty","humanBoxes","jevBoxes","jevScoreRate","jevMargin","decisions","providerAttempts","latencyMeanMs","knownInputTokens","knownOutputTokens","estimatedCostUsd","headHash"
"0","20260922","0","local","random","normal","0","16","1","16","27","0","8.22096007407407","0","0","","af69a59038c1ca9af27823f22644132db67ad48b125a17fdecff0701c4eb0765"
"0","20260922","1","local","random","normal","0","16","1","16","28","0","7.530272214285715","0","0","","73c7477d44057cedf0dd146fd7da5ad25e7285bb972963f288b565d142b3c4a0"
"1","20260923","0","local","random","normal","0","16","1","16","27","0","6.9567135925925765","0","0","","cc2bed35c81160f3f8187278e12cb9fc9027a1b19d7a59f37791e693985b7fdc"
"1","20260923","1","local","random","normal","0","16","1","16","28","0","5.9428407857142735","0","0","","99a767f8c149abb06e643d45a2b5f62e82be2c78660c9480037a2a1b33a5f8dc"
"2","20260924","0","local","random","normal","0","16","1","16","27","0","7.1507233333333415","0","0","","9cc04661bff7eed9b42cab82e7a2f248f6b450535732f11514c11f268362288f"
"2","20260924","1","local","random","normal","0","16","1","16","28","0","7.794016714285768","0","0","","c8e52511c418493809bd110b7fd5c4c8a51ac755451d88f3901c043df0e1ce9c"
"3","20260925","0","local","random","normal","0","16","1","16","27","0","6.301279777777785","0","0","","cc634a4faf04bec31b72593c4d56ca09e2d202eeabf3c95b938c511617657f3b"
"3","20260925","1","local","random","normal","0","16","1","16","27","0","6.033561370370366","0","0","","23f7bedd6d71c8dce0841194e861b32dddd7e711a71965f70844c7025cbde040"
"4","20260926","0","local","random","normal","0","16","1","16","27","0","6.205692407407444","0","0","","eab804cde3994379242dfe046a5b1fce74a3d7e0f97af0e342724f180488a2dd"
"4","20260926","1","local","random","normal","0","16","1","16","28","0","5.911183321428699","0","0","","3a82bdb5a09a2d0b6fae87c2a03f957731ffb2816a9667851d0a16e35f577fb8"
"5","20260927","0","local","random","normal","0","16","1","16","27","0","6.902324814814822","0","0","","c20e4d8edc46f5b7c541db474691774fb7706e2526f3e952c2a024c7ba10bad2"
"5","20260927","1","local","random","normal","0","16","1","16","28","0","6.388323107142891","0","0","","609c04f4d72c60360b988fb17de68b325b14d258b76dac78c161ddd9b1fa8b5e"
