"matchId","decisionId","requestHash","stateHash","player","candidateCount","admissibleCount","featureMs","searchNodes","searchCacheHits","allCandidatesExact","requestBytes","model","confidence","probabilities","entropyBits","normalizedEntropy","topGap","edgeId","source","totalMs"
"60af0697-8368-4c75-b9a4-c206734b242d","63beda99-3bf5-42d0-b908-7adadc6f0e48","3db353a28ceff2662b21af953d2df1e1866780159fec1e453dde9eb9e7f306d1","0604663a85d2bb81cac929009f414175976de8819a361b4d42e9e7e975cd249c","1","39","39","13.548748000000003","39","0","false","18255","jev-1.13.0","","","","","","0","local","13.836982000000006"
"60af0697-8368-4c75-b9a4-c206734b242d","672fad75-7a90-45b2-a8e7-e8e43e62f39f","01f9cb1966926d132ad2947acc71873b5417ba6749cfb83cfba143073c94c221","b39090b0a1d823a251104a988d543737e37cd5046bf408fbaec39ffc360bbf14","1","37","37","10.273593000000005","37","0","false","17477","jev-1.13.0","","","","","","1","local","10.389357000000004"
"60af0697-8368-4c75-b9a4-c206734b242d","2d54c8c3-c282-4ec2-aeaf-37cef168e40e","975caddeb00492ce45e2f4121c893545b5c0b4ae01546f709455e1b9b568b332","c30a418c26faba4d4891e64bdb8380af1b6ef182c0be457974f384dec48cb3cf","1","35","35","9.160169999999994","35","0","false","16697","jev-1.13.0","","","","","","2","local","9.417266999999995"
"60af0697-8368-4c75-b9a4-c206734b242d","23aa7f1d-b955-4579-acd0-1f4ee6f2d55e","5f0e34574e4291ded7e422f28ca0cafefe32ce5cc7cfa729985ed6214a51444d","acc767179394ace38f1c488b2a6786d96b708e0e6bf70a90dd5add9fa035f7cb","1","33","33","7.997152","33","0","false","15907","jev-1.13.0","","","","","","3","local","8.142872000000011"
"60af0697-8368-4c75-b9a4-c206734b242d","4959a8c8-e63f-464e-9d5c-8c8addd7ff2f","b6f7cdae1eab4a7b4dab0fff377aa23b0d43a037f55b9c02cc095759f642c1b2","fb057e8d57f37f47540533c8fc67ce483357c2ae82c290613fe35892a245fda1","1","31","31","9.247050000000002","31","0","false","15236","jev-1.13.0","","","","","","4","local","9.364555999999993"
"60af0697-8368-4c75-b9a4-c206734b242d","a4a0ab72-d3d0-48b4-9d17-1df4a549a40e","4dcb212db105adfcb84f60cd1b070023ed9650070deafee4f4e560b825f6433d","8833bbd29eb26344e247e80b32572975176016fa8930636ad81c974156c91b53","1","29","29","13.708106999999998","29","0","false","14590","jev-1.13.0","","","","","","5","local","13.878453000000007"
"60af0697-8368-4c75-b9a4-c206734b242d","765535ae-cbf7-478f-972d-532d1e3ef6ab","879ccc7029b7f43c7b3a3bf13d0a6e70f5a314c9841b83f9f0d04044b9a003fe","b48452bb0ccfa51834d2c86efd4b09b57e8fc1a71c40598ceef4ecea6e78ab17","1","27","27","16.390349000000015","27","0","false","14061","jev-1.13.0","","","","","","9","local","16.51534699999999"
"60af0697-8368-4c75-b9a4-c206734b242d","aac654a0-68b1-4c84-9ca4-f373ac1c3a0e","4fc45ffddb01783427375fe30c18b07d740c01ba9f721c7e290b962103f5ce18","d01398c46d4c2ea059d66e6deb276684b92baaeb84049c12e2f6bc1cca41566f","1","25","25","27.331136000000015","25","0","false","14808","jev-1.13.0","","","","","","20","local","27.457486000000017"
"60af0697-8368-4c75-b9a4-c206734b242d","40e35fa3-d572-41c4-bdb8-b28d7ecc91c3","8bdc0ce2cca5b4c1ec8998d9489f79936a2c217f9c7f492a6c53f6591c1bbdba","6e32ab241928819c22fea0bd420df651840da450037c1e418d786a73a215d582","1","24","24","22.13848900000002","24","0","false","12857","jev-1.13.0","","","","","","22","local","22.286111000000005"
"60af0697-8368-4c75-b9a4-c206734b242d","b1602ad5-45aa-412c-837a-9e2e03661fca","a30004d7fe2641b5f1ce14fc6f872aa3c257cb5259744256005fbd4c2680216b","64db1d42cd0b7cd575f2d7e9de46a29ac8f07689c70aa987e192ee978e29fd3d","1","23","23","13.573284000000001","23","0","false","12340","jev-1.13.0","","","","","","23","local","13.679002999999994"
"60af0697-8368-4c75-b9a4-c206734b242d","c435aa9c-a5e9-4dcf-bb44-96300fb5d4b5","3c9dde130245e9fc9a9df8994e3a1ffbf7399e7a0e656a5e457492e8048a8c47","a9be9d5d8b4affb76ddb9c28615fe94011876749065347e1bac6a1cd633face0","1","22","22","8.668842000000012","22","0","false","11892","jev-1.13.0","","","","","","10","local","8.757055000000008"
"60af0697-8368-4c75-b9a4-c206734b242d","50e4818f-9a90-4fd1-839a-f1c28d1ff4eb","9293f56fddf8fcd9f20aaadeb5bb8f652ca5def0678e1a8607e5230312928c2d","ef6ae02eef0f7365a670312b1edc0000e36c37ca8474259ad83e9db8a727e3ed","1","20","20","11.621569999999991","20","0","false","12340","jev-1.13.0","","","","","","13","local","11.717163999999968"
"60af0697-8368-4c75-b9a4-c206734b242d","7399651e-4a3d-48bd-a954-4b97bfe52a57","0a1c485cabc0b1a1c103edff9d413fa2548845276291415b073b00955500ca48","87371ee202e4d09081739347ad9fa4e5d3c0fc8398c813832de70d5342b5677f","1","18","18","14.655731000000003","18","0","false","12681","jev-1.13.0","","","","","","24","local","14.747919999999965"
"60af0697-8368-4c75-b9a4-c206734b242d","a8b7a569-9b69-4fab-bc93-024c6a6e1e90","52bdfd9b0140549076c7f914211087499025393b3102ed0199c167edd4d867f2","6d799772b08ad6ea86050bed97bda75062aa971049e55d58ad64cdf9d2b3f187","1","17","17","10.821908000000008","17","0","false","11121","jev-1.13.0","","","","","","28","local","10.910481000000004"
"60af0697-8368-4c75-b9a4-c206734b242d","de14c1d3-6309-4117-869b-01703efe314f","1f740f96fb898a32c7696c6b71bfcf2b4954310db6086639bf1421fd187c0089","2128184a13785cb214a76acec4a392b08445597968d2b3ec84fa1a8184ac0eb7","1","16","16","9.239079000000004","16","0","false","10571","jev-1.13.0","","","","","","27","local","9.33025600000002"
"60af0697-8368-4c75-b9a4-c206734b242d","1bce3872-456b-4e97-8c0b-a01236e5df93","f5e37621230bee2fd19c6ee4caf937b3e7c97b05d1802e5ce45aeb8eb2fccf20","ff30836d4514486665b2c8b40836298040789b306d2c0dc153a83e4d5ab61289","1","15","15","5.8476","15","0","false","10033","jev-1.13.0","","","","","","26","local","5.958986999999979"
"60af0697-8368-4c75-b9a4-c206734b242d","676f6d68-dc53-407d-b1bd-27472ed63120","7c5704e0bf4a906c86af0c11f645bfa5324b878624a89ac4d7132624f44fda88","6aa94a8d8cacbeb22549492ff66c9e07956ad64558185629ae51acd5c66fa32d","1","14","14","3.8465929999999844","14","0","false","9498","jev-1.13.0","","","","","","25","local","3.9235179999999445"
"60af0697-8368-4c75-b9a4-c206734b242d","699832d0-a378-406b-8ac0-ec8d693f3050","36833b7d3d34021c150206de0cab9591e8d3b242c8748d681b758a6d1dda8973","cab6a534bc6e6c16cb843b98fa9b5ac6f1e171173acc694d59eb996ca26e1862","1","13","13","2.7485019999999736","13","0","false","8277","jev-1.13.0","","","","","","14","local","2.8198399999999424"
"60af0697-8368-4c75-b9a4-c206734b242d","b4a7285e-ac21-417d-8bc5-298783e7b340","3a5abaf26f0e87c7e81ab7ae5273295786e84af578fc26a45fe9080a536ba3ac","3ef6a79cb8720dc3f8aeb5506dab34e70cc1e1cb052c148dde2d4b30e010e90d","1","11","11","2.946569000000011","11","0","false","8677","jev-1.13.0","","","","","","36","local","3.017044999999996"
"60af0697-8368-4c75-b9a4-c206734b242d","28c9a69b-d00b-4640-9ddd-030eb4fe4a10","34ee885094acc6484df41364f30e0ec854c0c3b396259082175e64292bea42ba","a1d2559bb88c08132029343a8d725f79876d6abdeb8a94f067ec910b390a424b","1","10","10","1.8418389999999931","10","0","false","8079","jev-1.13.0","","","","","","35","local","1.9119039999999927"
"60af0697-8368-4c75-b9a4-c206734b242d","50db4339-c443-4011-8dab-c4f57bd5d3de","c0a917733ccd78d2500bff4e6155eff9da9841fb0931c8f1374f7f04e11f2ddd","a4cc273630870b59ccd3e027de9f3383d16ef1e17b1b2eeb763d717673a3292e","1","9","9","1.3240109999999845","9","0","false","7061","jev-1.13.0","","","","","","19","local","1.3868349999999623"
"60af0697-8368-4c75-b9a4-c206734b242d","37d3e5de-ac2e-4843-80e4-bf205b9f2c0d","5a700bb0fb3fb5122e4bb3c49e4af3986f05ccd330766090c5f11b74cec9010b","59e35f5416a4631ee87e05e69fbbb1f4f1b863b75221d9bfb839130d7a8a2c41","1","7","7","0.9937929999999824","7","0","false","6157","jev-1.13.0","","","","","","33","local","1.0504179999999792"
"60af0697-8368-4c75-b9a4-c206734b242d","58647cfe-4909-4a5b-914d-c829825dbaa8","ec7746ba9212a912f4111a8bba7584232b83dcf80c3b8666d0ae9d3c4a69a593","2a4302f30bb3506e1bac1b9e17a4f26d5f0aa0e91f15b19559a893e9f2014d6f","1","6","6","0.5556850000000395","6","0","false","5651","jev-1.13.0","","","","","","32","local","0.6109080000000517"
"60af0697-8368-4c75-b9a4-c206734b242d","7f019c74-fc61-4747-8b44-3c3ee38a4b4e","1e7ae7a0dfecfe1bdcbc0de46b0e0eef15efca1e28c428eec376e152bc2fca85","fbcfc179536a95101581568ffa942ac1af767a9917139c59e6358d424185eabe","1","5","5","0.3253289999999538","5","0","false","5153","jev-1.13.0","","","","","","31","local","0.37729699999999866"
"60af0697-8368-4c75-b9a4-c206734b242d","c24cacc4-fced-4900-b5cf-b66640634c54","6ce780bc84ac296e68e757613f5cd013aed66f910bb314cd3f819292a9bc9dec","369f410dc815fcb6c5238b0a3637a21077c68810eff6ce605287fc22c933e57f","1","4","4","0.18017100000002984","4","0","false","4665","jev-1.13.0","","","","","","30","local","0.23943000000002712"
"60af0697-8368-4c75-b9a4-c206734b242d","41d01519-be84-43af-b593-e93e2467098f","89c4646594cc072df6a4a53516b1dc4d35dbfb03e7e0f35721bc834836121e15","bd018db3b25a8fe065fa301d4915560c45b0be051c398b192d3d9fee2af57575","1","3","3","0.08329500000002099","3","0","false","4117","jev-1.13.0","","","","","","18","local","0.129004000000009"
"60af0697-8368-4c75-b9a4-c206734b242d","f262490c-374a-4754-ac72-0fc29d5046c8","203d58d68c75b1eaac4e2b08195dea80428aa4f46b66074734b010abd3d0295a","bff956fff820fe8eb11106feaca1561fd1a16100a2f4fdd85eb423988efb3c2b","1","1","1","0.023005000000011933","0","0","true","3275","jev-1.13.0","","","","","","38","local","0.11042600000001812"
