"matchId","sequence","utc","player","edgeId","capturedBoxes","retainsMove","terminal","ply","decisionId","source","preStateHash","postStateHash","score","features","captureAvailable","exactRegret","turnElapsedMs","tactics"
"60af0697-8368-4c75-b9a4-c206734b242d","2","2026-09-22T05:21:25.936Z","0","16","[]","false","false","1","","random","473a3246f4ef77e7ebedff8165e195383c32fbcd2b81e551a8afb3a842377d88","0604663a85d2bb81cac929009f414175976de8819a361b4d42e9e7e975cd249c","{""human"":0,""jev"":0}","{""capturesNow"":0,""newThirdSides"":0,""safeMovesAfter"":39,""opponentImmediateCapture"":0}","false","","5.396532999999998","{""sideHistogram"":[15,1,0,0,0],""safeEdges"":39,""captureEdges"":0,""components"":[{""boxes"":[0,1,2,3,4,5,6,7,8,9,10,11,12,13,14,15],""length"":16,""exteriorPorts"":15,""type"":""unclassified""}]}"
"60af0697-8368-4c75-b9a4-c206734b242d","5","2026-09-22T05:21:25.955Z","1","0","[]","false","false","2","63beda99-3bf5-42d0-b908-7adadc6f0e48","local","0604663a85d2bb81cac929009f414175976de8819a361b4d42e9e7e975cd249c","323414d57f3521a3a76b6a1e67f58e8276ffea098780eb831eda7cf505b3e35a","{""human"":0,""jev"":0}","{""capturesNow"":0,""newThirdSides"":0,""safeMovesAfter"":38,""opponentImmediateCapture"":0}","false","","18.497877000000003","{""sideHistogram"":[14,2,0,0,0],""safeEdges"":38,""captureEdges"":0,""components"":[{""boxes"":[0,1,2,3,4,5,6,7,8,9,10,11,12,13,14,15],""length"":16,""exteriorPorts"":14,""type"":""unclassified""}]}"
"60af0697-8368-4c75-b9a4-c206734b242d","6","2026-09-22T05:21:25.957Z","0","8","[]","false","false","3","","random","323414d57f3521a3a76b6a1e67f58e8276ffea098780eb831eda7cf505b3e35a","b39090b0a1d823a251104a988d543737e37cd5046bf408fbaec39ffc360bbf14","{""human"":0,""jev"":0}","{""capturesNow"":0,""newThirdSides"":0,""safeMovesAfter"":37,""opponentImmediateCapture"":0}","false","","1.6513530000000003","{""sideHistogram"":[12,4,0,0,0],""safeEdges"":37,""captureEdges"":0,""components"":[{""boxes"":[0,1,2,3,4,5,6,7,8,9,10,11,12,13,14,15],""length"":16,""exteriorPorts"":14,""type"":""unclassified""}]}"
"60af0697-8368-4c75-b9a4-c206734b242d","9","2026-09-22T05:21:25.970Z","1","1","[]","false","false","4","672fad75-7a90-45b2-a8e7-e8e43e62f39f","local","b39090b0a1d823a251104a988d543737e37cd5046bf408fbaec39ffc360bbf14","c80c98bddd8797eb8070c94170f9df8f7046a2f542715f6eb4400ed80768fd24","{""human"":0,""jev"":0}","{""capturesNow"":0,""newThirdSides"":0,""safeMovesAfter"":36,""opponentImmediateCapture"":0}","false","","13.078451000000001","{""sideHistogram"":[11,5,0,0,0],""safeEdges"":36,""captureEdges"":0,""components"":[{""boxes"":[0,1,2,3,4,5,6,7,8,9,10,11,12,13,14,15],""length"":16,""exteriorPorts"":13,""type"":""unclassified""}]}"
"60af0697-8368-4c75-b9a4-c206734b242d","10","2026-09-22T05:21:25.972Z","0","29","[]","false","false","5","","random","c80c98bddd8797eb8070c94170f9df8f7046a2f542715f6eb4400ed80768fd24","c30a418c26faba4d4891e64bdb8380af1b6ef182c0be457974f384dec48cb3cf","{""human"":0,""jev"":0}","{""capturesNow"":0,""newThirdSides"":0,""safeMovesAfter"":35,""opponentImmediateCapture"":0}","false","","1.4619970000000109","{""sideHistogram"":[10,6,0,0,0],""safeEdges"":35,""captureEdges"":0,""components"":[{""boxes"":[0,1,2,3,4,5,6,7,8,9,10,11,12,13,14,15],""length"":16,""exteriorPorts"":12,""type"":""unclassified""}]}"
"60af0697-8368-4c75-b9a4-c206734b242d","13","2026-09-22T05:21:25.984Z","1","2","[]","false","false","6","2d54c8c3-c282-4ec2-aeaf-37cef168e40e","local","c30a418c26faba4d4891e64bdb8380af1b6ef182c0be457974f384dec48cb3cf","b889e7487ac77d520e9be9ba38d8aaf31cb9de0c0b042d7f51d69e183356bcda","{""human"":0,""jev"":0}","{""capturesNow"":0,""newThirdSides"":0,""safeMovesAfter"":34,""opponentImmediateCapture"":0}","false","","12.341972999999996","{""sideHistogram"":[9,7,0,0,0],""safeEdges"":34,""captureEdges"":0,""components"":[{""boxes"":[0,1,2,3,4,5,6,7,8,9,10,11,12,13,14,15],""length"":16,""exteriorPorts"":11,""type"":""unclassified""}]}"
"60af0697-8368-4c75-b9a4-c206734b242d","14","2026-09-22T05:21:25.986Z","0","17","[]","false","false","7","","random","b889e7487ac77d520e9be9ba38d8aaf31cb9de0c0b042d7f51d69e183356bcda","acc767179394ace38f1c488b2a6786d96b708e0e6bf70a90dd5add9fa035f7cb","{""human"":0,""jev"":0}","{""capturesNow"":0,""newThirdSides"":0,""safeMovesAfter"":33,""opponentImmediateCapture"":0}","false","","1.7067160000000001","{""sideHistogram"":[8,8,0,0,0],""safeEdges"":33,""captureEdges"":0,""components"":[{""boxes"":[0,1,2,3,4,5,6,7,8,9,10,11,12,13,14,15],""length"":16,""exteriorPorts"":10,""type"":""unclassified""}]}"
"60af0697-8368-4c75-b9a4-c206734b242d","17","2026-09-22T05:21:25.997Z","1","3","[]","false","false","8","23aa7f1d-b955-4579-acd0-1f4ee6f2d55e","local","acc767179394ace38f1c488b2a6786d96b708e0e6bf70a90dd5add9fa035f7cb","5cb787efa50fdb5186e0c10e829b34dda27d70332d395abdc25e466da0ccbdcb","{""human"":0,""jev"":0}","{""capturesNow"":0,""newThirdSides"":0,""safeMovesAfter"":32,""opponentImmediateCapture"":0}","false","","10.336759","{""sideHistogram"":[7,9,0,0,0],""safeEdges"":32,""captureEdges"":0,""components"":[{""boxes"":[0,1,2,3,4,5,6,7,8,9,10,11,12,13,14,15],""length"":16,""exteriorPorts"":9,""type"":""unclassified""}]}"
"60af0697-8368-4c75-b9a4-c206734b242d","18","2026-09-22T05:21:25.998Z","0","12","[]","false","false","9","","random","5cb787efa50fdb5186e0c10e829b34dda27d70332d395abdc25e466da0ccbdcb","fb057e8d57f37f47540533c8fc67ce483357c2ae82c290613fe35892a245fda1","{""human"":0,""jev"":0}","{""capturesNow"":0,""newThirdSides"":0,""safeMovesAfter"":27,""opponentImmediateCapture"":0}","false","","0.7437679999999887","{""sideHistogram"":[7,7,2,0,0],""safeEdges"":27,""captureEdges"":0,""components"":[{""boxes"":[0,1,2,3,4,5,6,7,8,9,10,11,12,13,14,15],""length"":16,""exteriorPorts"":9,""type"":""unclassified""}]}"
"60af0697-8368-4c75-b9a4-c206734b242d","21","2026-09-22T05:21:26.010Z","1","4","[]","false","false","10","4959a8c8-e63f-464e-9d5c-8c8addd7ff2f","local","fb057e8d57f37f47540533c8fc67ce483357c2ae82c290613fe35892a245fda1","9b77c42319b54661e7a7d3c238186cff23bdbfb6f4969b3a1f61570b01802702","{""human"":0,""jev"":0}","{""capturesNow"":0,""newThirdSides"":0,""safeMovesAfter"":22,""opponentImmediateCapture"":0}","false","","12.108036999999996","{""sideHistogram"":[7,5,4,0,0],""safeEdges"":22,""captureEdges"":0,""components"":[{""boxes"":[0,1,2,3,4,5,6,7,8,9,10,11,12,13,14,15],""length"":16,""exteriorPorts"":9,""type"":""unclassified""}]}"
"60af0697-8368-4c75-b9a4-c206734b242d","22","2026-09-22T05:21:26.012Z","0","11","[]","false","false","11","","random","9b77c42319b54661e7a7d3c238186cff23bdbfb6f4969b3a1f61570b01802702","8833bbd29eb26344e247e80b32572975176016fa8930636ad81c974156c91b53","{""human"":0,""jev"":0}","{""capturesNow"":0,""newThirdSides"":0,""safeMovesAfter"":19,""opponentImmediateCapture"":0}","false","","2.2243540000000053","{""sideHistogram"":[6,5,5,0,0],""safeEdges"":19,""captureEdges"":0,""components"":[{""boxes"":[0,1,2,3,4,5,6,7,8,9,10,11,12,13,14,15],""length"":16,""exteriorPorts"":9,""type"":""unclassified""}]}"
"60af0697-8368-4c75-b9a4-c206734b242d","25","2026-09-22T05:21:26.032Z","1","5","[]","false","false","12","a4a0ab72-d3d0-48b4-9d17-1df4a549a40e","local","8833bbd29eb26344e247e80b32572975176016fa8930636ad81c974156c91b53","f59ef2251fc2b7e4fa268664aac9452553ce4d94fbabc0a7fc9d860ae1fec16b","{""human"":0,""jev"":0}","{""capturesNow"":0,""newThirdSides"":0,""safeMovesAfter"":17,""opponentImmediateCapture"":0}","false","","19.776608999999993","{""sideHistogram"":[5,5,6,0,0],""safeEdges"":17,""captureEdges"":0,""components"":[{""boxes"":[0,1,2,3,4,5,6,7,8,9,10,11,12,13,14,15],""length"":16,""exteriorPorts"":9,""type"":""unclassified""}]}"
"60af0697-8368-4c75-b9a4-c206734b242d","26","2026-09-22T05:21:26.033Z","0","6","[]","false","false","13","","random","f59ef2251fc2b7e4fa268664aac9452553ce4d94fbabc0a7fc9d860ae1fec16b","b48452bb0ccfa51834d2c86efd4b09b57e8fc1a71c40598ceef4ecea6e78ab17","{""human"":0,""jev"":0}","{""capturesNow"":0,""newThirdSides"":0,""safeMovesAfter"":15,""opponentImmediateCapture"":0}","false","","0.6116189999999904","{""sideHistogram"":[4,5,7,0,0],""safeEdges"":15,""captureEdges"":0,""components"":[{""boxes"":[0,1,2,3,4,5,6,7,8,9,10,11,12,13,14,15],""length"":16,""exteriorPorts"":9,""type"":""unclassified""}]}"
"60af0697-8368-4c75-b9a4-c206734b242d","29","2026-09-22T05:21:26.052Z","1","9","[]","false","false","14","765535ae-cbf7-478f-972d-532d1e3ef6ab","local","b48452bb0ccfa51834d2c86efd4b09b57e8fc1a71c40598ceef4ecea6e78ab17","29f84daec22ff7c69918e21219410f1fca6eb4f6beab2350a594dfafcbe5d7a4","{""human"":0,""jev"":0}","{""capturesNow"":0,""newThirdSides"":0,""safeMovesAfter"":13,""opponentImmediateCapture"":0}","false","","18.27801599999998","{""sideHistogram"":[3,5,8,0,0],""safeEdges"":13,""captureEdges"":0,""components"":[{""boxes"":[0,1,2,3,4,5,6,7,8,9,10,11,12,13,14,15],""length"":16,""exteriorPorts"":9,""type"":""unclassified""}]}"
"60af0697-8368-4c75-b9a4-c206734b242d","30","2026-09-22T05:21:26.052Z","0","21","[]","false","false","15","","random","29f84daec22ff7c69918e21219410f1fca6eb4f6beab2350a594dfafcbe5d7a4","d01398c46d4c2ea059d66e6deb276684b92baaeb84049c12e2f6bc1cca41566f","{""human"":0,""jev"":0}","{""capturesNow"":0,""newThirdSides"":2,""safeMovesAfter"":13,""opponentImmediateCapture"":1}","false","","0.6157550000000072","{""sideHistogram"":[3,5,6,2,0],""safeEdges"":13,""captureEdges"":2,""components"":[{""boxes"":[0],""length"":1,""exteriorPorts"":1,""type"":""unclassified""},{""boxes"":[1,2,3,4,5,6,7,8,9,10,11,12,13,14,15],""length"":15,""exteriorPorts"":8,""type"":""unclassified""}]}"
"60af0697-8368-4c75-b9a4-c206734b242d","33","2026-09-22T05:21:26.082Z","1","20","[0]","true","false","16","aac654a0-68b1-4c84-9ca4-f373ac1c3a0e","local","d01398c46d4c2ea059d66e6deb276684b92baaeb84049c12e2f6bc1cca41566f","6e32ab241928819c22fea0bd420df651840da450037c1e418d786a73a215d582","{""human"":0,""jev"":1}","{""capturesNow"":1,""newThirdSides"":0,""safeMovesAfter"":13,""opponentImmediateCapture"":0}","true","","29.116359000000017","{""sideHistogram"":[3,5,6,1,1],""safeEdges"":13,""captureEdges"":1,""components"":[{""boxes"":[1,2,3,4,5,6,7,8,9,10,11,12,13,14,15],""length"":15,""exteriorPorts"":8,""type"":""unclassified""}]}"
"60af0697-8368-4c75-b9a4-c206734b242d","36","2026-09-22T05:21:26.106Z","1","22","[1]","true","false","17","40e35fa3-d572-41c4-bdb8-b28d7ecc91c3","local","6e32ab241928819c22fea0bd420df651840da450037c1e418d786a73a215d582","64db1d42cd0b7cd575f2d7e9de46a29ac8f07689c70aa987e192ee978e29fd3d","{""human"":0,""jev"":2}","{""capturesNow"":1,""newThirdSides"":1,""safeMovesAfter"":13,""opponentImmediateCapture"":0}","true","","23.930043000000012","{""sideHistogram"":[3,5,5,1,2],""safeEdges"":13,""captureEdges"":1,""components"":[{""boxes"":[2,3,4,5,6,7,8,9,10,11,12,13,14,15],""length"":14,""exteriorPorts"":8,""type"":""unclassified""}]}"
"60af0697-8368-4c75-b9a4-c206734b242d","39","2026-09-22T05:21:26.121Z","1","23","[2]","true","false","18","b1602ad5-45aa-412c-837a-9e2e03661fca","local","64db1d42cd0b7cd575f2d7e9de46a29ac8f07689c70aa987e192ee978e29fd3d","a9be9d5d8b4affb76ddb9c28615fe94011876749065347e1bac6a1cd633face0","{""human"":0,""jev"":3}","{""capturesNow"":1,""newThirdSides"":0,""safeMovesAfter"":12,""opponentImmediateCapture"":0}","true","","15.223073999999997","{""sideHistogram"":[3,4,6,0,3],""safeEdges"":12,""captureEdges"":0,""components"":[{""boxes"":[3,4,5,6,7,8,9,10,11,12,13,14,15],""length"":13,""exteriorPorts"":8,""type"":""unclassified""}]}"
"60af0697-8368-4c75-b9a4-c206734b242d","42","2026-09-22T05:21:26.131Z","1","10","[]","false","false","19","c435aa9c-a5e9-4dcf-bb44-96300fb5d4b5","local","a9be9d5d8b4affb76ddb9c28615fe94011876749065347e1bac6a1cd633face0","bd127930a251375a952cdb16bad39f72b4f8039280ad4477caaac9578bc03d49","{""human"":0,""jev"":3}","{""capturesNow"":0,""newThirdSides"":0,""safeMovesAfter"":11,""opponentImmediateCapture"":0}","false","","9.966923000000008","{""sideHistogram"":[2,4,7,0,3],""safeEdges"":11,""captureEdges"":0,""components"":[{""boxes"":[3,4,5,6,7],""length"":5,""exteriorPorts"":2,""type"":""chain""},{""boxes"":[8,9,10,11,12,13,14,15],""length"":8,""exteriorPorts"":6,""type"":""unclassified""}]}"
"60af0697-8368-4c75-b9a4-c206734b242d","43","2026-09-22T05:21:26.132Z","0","15","[]","false","false","20","","random","bd127930a251375a952cdb16bad39f72b4f8039280ad4477caaac9578bc03d49","ef6ae02eef0f7365a670312b1edc0000e36c37ca8474259ad83e9db8a727e3ed","{""human"":0,""jev"":3}","{""capturesNow"":0,""newThirdSides"":0,""safeMovesAfter"":8,""opponentImmediateCapture"":0}","false","","0.5777579999999887","{""sideHistogram"":[1,4,8,0,3],""safeEdges"":8,""captureEdges"":0,""components"":[{""boxes"":[3,4,5,6,7],""length"":5,""exteriorPorts"":2,""type"":""chain""},{""boxes"":[8,9,10,11,12,13,14,15],""length"":8,""exteriorPorts"":6,""type"":""unclassified""}]}"
"60af0697-8368-4c75-b9a4-c206734b242d","46","2026-09-22T05:21:26.145Z","1","13","[]","false","false","21","50e4818f-9a90-4fd1-839a-f1c28d1ff4eb","local","ef6ae02eef0f7365a670312b1edc0000e36c37ca8474259ad83e9db8a727e3ed","52c3baa100a8f44fafa94a306e9386cfbc453b46c8be4b2f8a991292146226de","{""human"":0,""jev"":3}","{""capturesNow"":0,""newThirdSides"":0,""safeMovesAfter"":5,""opponentImmediateCapture"":0}","false","","13.418690999999995","{""sideHistogram"":[1,2,10,0,3],""safeEdges"":5,""captureEdges"":0,""components"":[{""boxes"":[3,4,5,6,7],""length"":5,""exteriorPorts"":2,""type"":""chain""},{""boxes"":[8,9,10,11,12,13,14,15],""length"":8,""exteriorPorts"":6,""type"":""unclassified""}]}"
"60af0697-8368-4c75-b9a4-c206734b242d","47","2026-09-22T05:21:26.147Z","0","7","[]","false","false","22","","random","52c3baa100a8f44fafa94a306e9386cfbc453b46c8be4b2f8a991292146226de","87371ee202e4d09081739347ad9fa4e5d3c0fc8398c813832de70d5342b5677f","{""human"":0,""jev"":3}","{""capturesNow"":0,""newThirdSides"":2,""safeMovesAfter"":5,""opponentImmediateCapture"":1}","false","","1.1464040000000182","{""sideHistogram"":[1,2,8,2,3],""safeEdges"":5,""captureEdges"":2,""components"":[{""boxes"":[3],""length"":1,""exteriorPorts"":1,""type"":""unclassified""},{""boxes"":[4,5,6,7],""length"":4,""exteriorPorts"":1,""type"":""unclassified""},{""boxes"":[8,9,10,11,12,13,14,15],""length"":8,""exteriorPorts"":6,""type"":""unclassified""}]}"
"60af0697-8368-4c75-b9a4-c206734b242d","50","2026-09-22T05:21:26.163Z","1","24","[3]","true","false","23","7399651e-4a3d-48bd-a954-4b97bfe52a57","local","87371ee202e4d09081739347ad9fa4e5d3c0fc8398c813832de70d5342b5677f","6d799772b08ad6ea86050bed97bda75062aa971049e55d58ad64cdf9d2b3f187","{""human"":0,""jev"":4}","{""capturesNow"":1,""newThirdSides"":0,""safeMovesAfter"":5,""opponentImmediateCapture"":0}","true","","15.983086999999955","{""sideHistogram"":[1,2,8,1,4],""safeEdges"":5,""captureEdges"":1,""components"":[{""boxes"":[4,5,6,7],""length"":4,""exteriorPorts"":1,""type"":""unclassified""},{""boxes"":[8,9,10,11,12,13,14,15],""length"":8,""exteriorPorts"":6,""type"":""unclassified""}]}"
"60af0697-8368-4c75-b9a4-c206734b242d","53","2026-09-22T05:21:26.175Z","1","28","[7]","true","false","24","a8b7a569-9b69-4fab-bc93-024c6a6e1e90","local","6d799772b08ad6ea86050bed97bda75062aa971049e55d58ad64cdf9d2b3f187","2128184a13785cb214a76acec4a392b08445597968d2b3ec84fa1a8184ac0eb7","{""human"":0,""jev"":5}","{""capturesNow"":1,""newThirdSides"":1,""safeMovesAfter"":5,""opponentImmediateCapture"":0}","true","","12.439300000000003","{""sideHistogram"":[1,2,7,1,5],""safeEdges"":5,""captureEdges"":1,""components"":[{""boxes"":[4,5,6],""length"":3,""exteriorPorts"":1,""type"":""unclassified""},{""boxes"":[8,9,10,11,12,13,14,15],""length"":8,""exteriorPorts"":6,""type"":""unclassified""}]}"
"60af0697-8368-4c75-b9a4-c206734b242d","56","2026-09-22T05:21:26.186Z","1","27","[6]","true","false","25","de14c1d3-6309-4117-869b-01703efe314f","local","2128184a13785cb214a76acec4a392b08445597968d2b3ec84fa1a8184ac0eb7","ff30836d4514486665b2c8b40836298040789b306d2c0dc153a83e4d5ab61289","{""human"":0,""jev"":6}","{""capturesNow"":1,""newThirdSides"":1,""safeMovesAfter"":5,""opponentImmediateCapture"":0}","true","","10.863370000000032","{""sideHistogram"":[1,2,6,1,6],""safeEdges"":5,""captureEdges"":1,""components"":[{""boxes"":[4,5],""length"":2,""exteriorPorts"":1,""type"":""unclassified""},{""boxes"":[8,9,10,11,12,13,14,15],""length"":8,""exteriorPorts"":6,""type"":""unclassified""}]}"
"60af0697-8368-4c75-b9a4-c206734b242d","59","2026-09-22T05:21:26.193Z","1","26","[5]","true","false","26","1bce3872-456b-4e97-8c0b-a01236e5df93","local","ff30836d4514486665b2c8b40836298040789b306d2c0dc153a83e4d5ab61289","6aa94a8d8cacbeb22549492ff66c9e07956ad64558185629ae51acd5c66fa32d","{""human"":0,""jev"":7}","{""capturesNow"":1,""newThirdSides"":1,""safeMovesAfter"":5,""opponentImmediateCapture"":0}","true","","7.069396999999981","{""sideHistogram"":[1,2,5,1,7],""safeEdges"":5,""captureEdges"":1,""components"":[{""boxes"":[4],""length"":1,""exteriorPorts"":1,""type"":""unclassified""},{""boxes"":[8,9,10,11,12,13,14,15],""length"":8,""exteriorPorts"":6,""type"":""unclassified""}]}"
"60af0697-8368-4c75-b9a4-c206734b242d","62","2026-09-22T05:21:26.199Z","1","25","[4]","true","false","27","676f6d68-dc53-407d-b1bd-27472ed63120","local","6aa94a8d8cacbeb22549492ff66c9e07956ad64558185629ae51acd5c66fa32d","cab6a534bc6e6c16cb843b98fa9b5ac6f1e171173acc694d59eb996ca26e1862","{""human"":0,""jev"":8}","{""capturesNow"":1,""newThirdSides"":0,""safeMovesAfter"":5,""opponentImmediateCapture"":0}","true","","4.902379999999994","{""sideHistogram"":[1,2,5,0,8],""safeEdges"":5,""captureEdges"":0,""components"":[{""boxes"":[8,9,10,11,12,13,14,15],""length"":8,""exteriorPorts"":6,""type"":""unclassified""}]}"
"60af0697-8368-4c75-b9a4-c206734b242d","65","2026-09-22T05:21:26.203Z","1","14","[]","false","false","28","699832d0-a378-406b-8ac0-ec8d693f3050","local","cab6a534bc6e6c16cb843b98fa9b5ac6f1e171173acc694d59eb996ca26e1862","a5ff9fbb49b92b1dd26a8410edb972d33a04acbb3fc91c9e47edb7f6841f7019","{""human"":0,""jev"":8}","{""capturesNow"":0,""newThirdSides"":0,""safeMovesAfter"":4,""opponentImmediateCapture"":0}","false","","3.773964000000035","{""sideHistogram"":[0,2,6,0,8],""safeEdges"":4,""captureEdges"":0,""components"":[{""boxes"":[8,9,10,11],""length"":4,""exteriorPorts"":2,""type"":""chain""},{""boxes"":[12,13,14,15],""length"":4,""exteriorPorts"":4,""type"":""unclassified""}]}"
"60af0697-8368-4c75-b9a4-c206734b242d","66","2026-09-22T05:21:26.203Z","0","37","[]","false","false","29","","random","a5ff9fbb49b92b1dd26a8410edb972d33a04acbb3fc91c9e47edb7f6841f7019","3ef6a79cb8720dc3f8aeb5506dab34e70cc1e1cb052c148dde2d4b30e010e90d","{""human"":0,""jev"":8}","{""capturesNow"":0,""newThirdSides"":1,""safeMovesAfter"":2,""opponentImmediateCapture"":1}","false","","0.25879900000001044","{""sideHistogram"":[0,1,6,1,8],""safeEdges"":2,""captureEdges"":1,""components"":[{""boxes"":[8,9,10,11],""length"":4,""exteriorPorts"":2,""type"":""chain""},{""boxes"":[12,13],""length"":2,""exteriorPorts"":1,""type"":""unclassified""},{""boxes"":[14,15],""length"":2,""exteriorPorts"":3,""type"":""unclassified""}]}"
"60af0697-8368-4c75-b9a4-c206734b242d","69","2026-09-22T05:21:26.207Z","1","36","[13]","true","false","30","b4a7285e-ac21-417d-8bc5-298783e7b340","local","3ef6a79cb8720dc3f8aeb5506dab34e70cc1e1cb052c148dde2d4b30e010e90d","a1d2559bb88c08132029343a8d725f79876d6abdeb8a94f067ec910b390a424b","{""human"":0,""jev"":9}","{""capturesNow"":1,""newThirdSides"":1,""safeMovesAfter"":2,""opponentImmediateCapture"":0}","true","","4.041285000000016","{""sideHistogram"":[0,1,5,1,9],""safeEdges"":2,""captureEdges"":1,""components"":[{""boxes"":[8,9,10,11],""length"":4,""exteriorPorts"":2,""type"":""chain""},{""boxes"":[12],""length"":1,""exteriorPorts"":1,""type"":""unclassified""},{""boxes"":[14,15],""length"":2,""exteriorPorts"":3,""type"":""unclassified""}]}"
"60af0697-8368-4c75-b9a4-c206734b242d","72","2026-09-22T05:21:26.210Z","1","35","[12]","true","false","31","28c9a69b-d00b-4640-9ddd-030eb4fe4a10","local","a1d2559bb88c08132029343a8d725f79876d6abdeb8a94f067ec910b390a424b","a4cc273630870b59ccd3e027de9f3383d16ef1e17b1b2eeb763d717673a3292e","{""human"":0,""jev"":10}","{""capturesNow"":1,""newThirdSides"":0,""safeMovesAfter"":2,""opponentImmediateCapture"":0}","true","","2.8389080000000035","{""sideHistogram"":[0,1,5,0,10],""safeEdges"":2,""captureEdges"":0,""components"":[{""boxes"":[8,9,10,11],""length"":4,""exteriorPorts"":2,""type"":""chain""},{""boxes"":[14,15],""length"":2,""exteriorPorts"":3,""type"":""unclassified""}]}"
"60af0697-8368-4c75-b9a4-c206734b242d","75","2026-09-22T05:21:26.213Z","1","19","[]","false","false","32","50db4339-c443-4011-8dab-c4f57bd5d3de","local","a4cc273630870b59ccd3e027de9f3383d16ef1e17b1b2eeb763d717673a3292e","768216057945bfee34395b78655151f7ba6a53303403c48ede48b4ecdc70847e","{""human"":0,""jev"":10}","{""capturesNow"":0,""newThirdSides"":0,""safeMovesAfter"":0,""opponentImmediateCapture"":0}","false","","2.394559000000015","{""sideHistogram"":[0,0,6,0,10],""safeEdges"":0,""captureEdges"":0,""components"":[{""boxes"":[8,9,10,11],""length"":4,""exteriorPorts"":2,""type"":""chain""},{""boxes"":[14,15],""length"":2,""exteriorPorts"":2,""type"":""chain""}]}"
"60af0697-8368-4c75-b9a4-c206734b242d","76","2026-09-22T05:21:26.213Z","0","34","[]","false","false","33","","random","768216057945bfee34395b78655151f7ba6a53303403c48ede48b4ecdc70847e","59e35f5416a4631ee87e05e69fbbb1f4f1b863b75221d9bfb839130d7a8a2c41","{""human"":0,""jev"":10}","{""capturesNow"":0,""newThirdSides"":1,""safeMovesAfter"":0,""opponentImmediateCapture"":1}","false","","0.1686639999999784","{""sideHistogram"":[0,0,5,1,10],""safeEdges"":0,""captureEdges"":1,""components"":[{""boxes"":[8,9,10,11],""length"":4,""exteriorPorts"":1,""type"":""unclassified""},{""boxes"":[14,15],""length"":2,""exteriorPorts"":2,""type"":""chain""}]}"
"60af0697-8368-4c75-b9a4-c206734b242d","79","2026-09-22T05:21:26.215Z","1","33","[11]","true","false","34","37d3e5de-ac2e-4843-80e4-bf205b9f2c0d","local","59e35f5416a4631ee87e05e69fbbb1f4f1b863b75221d9bfb839130d7a8a2c41","2a4302f30bb3506e1bac1b9e17a4f26d5f0aa0e91f15b19559a893e9f2014d6f","{""human"":0,""jev"":11}","{""capturesNow"":1,""newThirdSides"":1,""safeMovesAfter"":0,""opponentImmediateCapture"":0}","true","","1.8773219999999924","{""sideHistogram"":[0,0,4,1,11],""safeEdges"":0,""captureEdges"":1,""components"":[{""boxes"":[8,9,10],""length"":3,""exteriorPorts"":1,""type"":""unclassified""},{""boxes"":[14,15],""length"":2,""exteriorPorts"":2,""type"":""chain""}]}"
"60af0697-8368-4c75-b9a4-c206734b242d","82","2026-09-22T05:21:26.216Z","1","32","[10]","true","false","35","58647cfe-4909-4a5b-914d-c829825dbaa8","local","2a4302f30bb3506e1bac1b9e17a4f26d5f0aa0e91f15b19559a893e9f2014d6f","fbcfc179536a95101581568ffa942ac1af767a9917139c59e6358d424185eabe","{""human"":0,""jev"":12}","{""capturesNow"":1,""newThirdSides"":1,""safeMovesAfter"":0,""opponentImmediateCapture"":0}","true","","1.2381819999999948","{""sideHistogram"":[0,0,3,1,12],""safeEdges"":0,""captureEdges"":1,""components"":[{""boxes"":[8,9],""length"":2,""exteriorPorts"":1,""type"":""unclassified""},{""boxes"":[14,15],""length"":2,""exteriorPorts"":2,""type"":""chain""}]}"
"60af0697-8368-4c75-b9a4-c206734b242d","85","2026-09-22T05:21:26.217Z","1","31","[9]","true","false","36","7f019c74-fc61-4747-8b44-3c3ee38a4b4e","local","fbcfc179536a95101581568ffa942ac1af767a9917139c59e6358d424185eabe","369f410dc815fcb6c5238b0a3637a21077c68810eff6ce605287fc22c933e57f","{""human"":0,""jev"":13}","{""capturesNow"":1,""newThirdSides"":1,""safeMovesAfter"":0,""opponentImmediateCapture"":0}","true","","0.9123220000000174","{""sideHistogram"":[0,0,2,1,13],""safeEdges"":0,""captureEdges"":1,""components"":[{""boxes"":[8],""length"":1,""exteriorPorts"":1,""type"":""unclassified""},{""boxes"":[14,15],""length"":2,""exteriorPorts"":2,""type"":""chain""}]}"
"60af0697-8368-4c75-b9a4-c206734b242d","88","2026-09-22T05:21:26.218Z","1","30","[8]","true","false","37","c24cacc4-fced-4900-b5cf-b66640634c54","local","369f410dc815fcb6c5238b0a3637a21077c68810eff6ce605287fc22c933e57f","bd018db3b25a8fe065fa301d4915560c45b0be051c398b192d3d9fee2af57575","{""human"":0,""jev"":14}","{""capturesNow"":1,""newThirdSides"":0,""safeMovesAfter"":0,""opponentImmediateCapture"":0}","true","","1.185541999999998","{""sideHistogram"":[0,0,2,0,14],""safeEdges"":0,""captureEdges"":0,""components"":[{""boxes"":[14,15],""length"":2,""exteriorPorts"":2,""type"":""chain""}]}"
"60af0697-8368-4c75-b9a4-c206734b242d","91","2026-09-22T05:21:26.219Z","1","18","[]","false","false","38","41d01519-be84-43af-b593-e93e2467098f","local","bd018db3b25a8fe065fa301d4915560c45b0be051c398b192d3d9fee2af57575","a5c67a323731ec947896d8c251e86cccf4619fd667986b2a8d81d09d7895b453","{""human"":0,""jev"":14}","{""capturesNow"":0,""newThirdSides"":1,""safeMovesAfter"":0,""opponentImmediateCapture"":1}","false","","0.7482949999999846","{""sideHistogram"":[0,0,1,1,14],""safeEdges"":0,""captureEdges"":1,""components"":[{""boxes"":[14,15],""length"":2,""exteriorPorts"":1,""type"":""unclassified""}]}"
"60af0697-8368-4c75-b9a4-c206734b242d","92","2026-09-22T05:21:26.219Z","0","39","[]","false","false","39","","random","a5c67a323731ec947896d8c251e86cccf4619fd667986b2a8d81d09d7895b453","bff956fff820fe8eb11106feaca1561fd1a16100a2f4fdd85eb423988efb3c2b","{""human"":0,""jev"":14}","{""capturesNow"":0,""newThirdSides"":1,""safeMovesAfter"":0,""opponentImmediateCapture"":2}","true","","0.11635499999999865","{""sideHistogram"":[0,0,0,2,14],""safeEdges"":0,""captureEdges"":1,""components"":[{""boxes"":[14,15],""length"":2,""exteriorPorts"":0,""type"":""unclassified""}]}"
"60af0697-8368-4c75-b9a4-c206734b242d","95","2026-09-22T05:21:26.221Z","1","38","[14,15]","true","true","40","f262490c-374a-4754-ac72-0fc29d5046c8","local","bff956fff820fe8eb11106feaca1561fd1a16100a2f4fdd85eb423988efb3c2b","d6788ae94974cd5a623a6aff0ca07c3bbc7f8cfb40f7eff9b02ab10be4736fb5","{""human"":0,""jev"":16}","{""capturesNow"":2,""newThirdSides"":0,""safeMovesAfter"":0,""opponentImmediateCapture"":0}","true","0","0.8035380000000032","{""sideHistogram"":[0,0,0,0,16],""safeEdges"":0,""captureEdges"":0,""components"":[]}"
